Kennziffer;Raumeinheit;Aggregat;Medianeinkommen
;;;2023
"09471";"Kreis u. Stadt Bamberg";"Kreisregionen";"3.601,46"
"09472";"Kreis u. Stadt Bayreuth";"Kreisregionen";"3.647,63"
"09473";"Kreis u. Stadt Coburg";"Kreisregionen";"3.679,46"
"09474";"Forchheim";"Kreisregionen";"3.708,63"
"09475";"Kreis u. Stadt Hof";"Kreisregionen";"3.163,14"
"09476";"Kronach";"Kreisregionen";"3.204,61"
"09477";"Kulmbach";"Kreisregionen";"3.513,65"
"09478";"Lichtenfels";"Kreisregionen";"3.248,63"
"09479";"Wunsiedel i.Fichtelgebirge";"Kreisregionen";"3.369,78"
"09562";"Erlangen";"Kreisregionen";"5.434,57"
"09563";"Fürth, Stadt";"Kreisregionen";"3.683,57"
"09564";"Nürnberg, Stadt";"Kreisregionen";"4.034,60"
"09571";"Kreis u. Stadt Ansbach";"Kreisregionen";"3.472,25"
"09572";"Erlangen-Höchstadt";"Kreisregionen";"4.550,17"
"09573";"Fürth";"Kreisregionen";"3.299,90"
"09574";"Nürnberger Land";"Kreisregionen";"3.683,11"
"09575";"Neustadt a.d.Aisch-Bad Windsheim";"Kreisregionen";"3.248,35"
"09576";"Roth/Schwabach";"Kreisregionen";"3.476,18"
"09577";"Weißenburg-Gunzenhausen";"Kreisregionen";"3.556,76"
