Kennziffer;Raumeinheit;Aggregat;Medianeinkommen;Medianeinkommen;Medianeinkommen;Medianeinkommen;Medianeinkommen;Medianeinkommen;Medianeinkommen;Medianeinkommen;Medianeinkommen;Arbeitslosenquote;Arbeitslosenquote;Arbeitslosenquote;Arbeitslosenquote;Arbeitslosenquote;Arbeitslosenquote;Arbeitslosenquote;Arbeitslosenquote;Arbeitslosenquote;Einzelhandelsrelevante Kaufkraft;Einzelhandelsrelevante Kaufkraft;Einzelhandelsrelevante Kaufkraft;Einzelhandelsrelevante Kaufkraft;Einzelhandelsrelevante Kaufkraft;Einzelhandelsrelevante Kaufkraft;Einzelhandelsrelevante Kaufkraft;Einzelhandelsrelevante Kaufkraft
;;;2015;2016;2017;2018;2019;2020;2021;2022;2023;2015;2016;2017;2018;2019;2020;2021;2022;2023;2015;2017;2018;2019;2020;2021;2022;2023
09361;Amberg;Kreise;100,0;101,4;104,0;108,3;110,6;108,3;110,4;113,4;118,5;100,0;104,6;94,0;78,2;75,1;95,0;83,1;75,0;85,1;100,0;105,8;116,3;116,8;127,6;137,9;145,2;143,8
09363;Weiden i.d.OPf.;Kreise;100,0;100,5;103,0;106,8;109,2;109,6;113,1;117,9;122,9;100,0;92,2;85,2;72,2;71,8;79,9;71,4;65,4;77,0;100,0;105,9;116,2;116,9;127,7;138,2;146,3;143,8
09371;Amberg-Sulzbach;Kreise;100,0;102,2;103,6;107,1;111,2;111,5;114,6;117,3;122,4;100,0;100,0;93,1;83,2;80,1;100,3;93,8;89,0;103,8;100,0;105,9;114,1;113,7;123,0;132,6;137,5;139,6
09373;Neumarkt i.d.OPf.;Kreise;100,0;101,9;104,5;107,7;110,9;110,8;114,1;118,2;122,6;100,0;97,6;91,3;82,0;84,5;107,8;103,4;95,6;117,0;100,0;103,4;111,9;111,3;120,3;130,3;133,7;131,5
09374;Neustadt a.d.Waldnaab;Kreise;100,0;101,0;103,2;107,4;110,9;111,5;114,7;118,3;123,2;100,0;93,2;85,9;76,2;74,1;86,6;79,6;77,0;86,6;100,0;105,6;113,3;112,7;121,6;130,9;134,5;136,6
09461;Bamberg, Stadt;Kreise;100,0;102,2;104,1;105,9;107,7;111,3;111,5;114,7;118,6;100,0;95,5;90,8;81,8;77,1;92,4;93,1;87,3;89,6;100,0;101,4;114,1;114,6;125,1;135,6;151,9;143,4
09462;Bayreuth, Stadt;Kreise;100,0;101,7;102,6;106,2;109,6;111,6;115,4;119,4;123,4;100,0;93,1;87,0;78,4;73,2;90,0;77,3;75,6;82,9;100,0;102,9;114,4;114,9;125,8;135,4;144,0;142,6
09471;Bamberg;Kreise;100,0;102,1;104,5;107,5;110,1;106,5;111,5;115,3;120,0;100,0;93,3;86,2;77,2;76,9;98,9;98,1;87,3;94,4;100,0;104,0;111,2;110,6;119,4;128,6;134,0;138,2
09472;Bayreuth;Kreise;100,0;101,4;104,7;107,8;110,9;111,6;114,9;119,3;124,9;100,0;97,1;89,4;82,1;77,1;95,0;85,0;85,0;92,4;100,0;104,7;111,7;111,1;120,2;129,1;134,4;137,9
09474;Forchheim;Kreise;100,0;102,3;105,7;109,9;113,5;115,2;117,2;121,8;126,9;100,0;100,0;92,5;85,0;81,9;100,7;100,7;92,2;101,4;100,0;103,9;110,9;110,3;119,2;128,5;135,3;137,3
09477;Kulmbach;Kreise;100,0;101,9;104,6;107,5;110,4;111,8;115,0;119,7;124,4;100,0;90,9;84,9;76,6;73,9;84,9;77,5;73,1;79,7;100,0;105,0;112,5;112,1;121,6;130,9;134,8;138,4
09478;Lichtenfels;Kreise;100,0;102,9;105,7;109,4;112,4;112,5;115,6;119,9;126,1;100,0;88,4;79,5;75,3;76,9;94,1;82,6;77,2;86,1;100,0;105,0;112,4;112,3;122,0;132,2;136,3;137,6
09561;Ansbach, Stadt;Kreise;100,0;101,8;104,2;107,8;110,9;112,6;116,1;120,5;124,6;100,0;104,5;90,1;78,8;77,7;97,6;84,8;83,1;98,7;100,0;104,6;114,2;114,3;124,7;135,4;149,2;139,0
09562;Erlangen;Kreise;100,0;101,1;103,3;106,8;109,4;111,6;113,6;116,0;121,2;100,0;98,2;99,0;93,6;89,6;103,6;104,1;92,6;104,3;100,0;104,4;114,8;116,1;126,6;137,1;144,9;146,0
09563;Fürth, Stadt;Kreise;100,0;102,2;103,7;106,9;110,1;109,5;111,5;114,8;118,6;100,0;91,2;81,3;74,1;73,8;87,3;84,9;74,7;77,0;100,0;103,0;111,7;112,4;122,5;132,5;137,3;136,7
09564;Nürnberg;Kreise;100,0;100,9;102,9;105,7;109,1;109,6;111,7;114,7;119,7;100,0;92,5;83,0;75,5;72,6;87,9;84,5;75,9;82,5;100,0;104,0;111,6;111,4;122,0;131,5;133,9;133,9
09565;Schwabach;Kreise;100,0;101,9;104,4;107,2;110,1;109,2;113,7;116,9;122,4;100,0;89,7;84,3;79,7;78,2;99,3;93,4;82,1;86,0;100,0;104,8;114,0;114,9;125,6;135,5;141,4;143,7
09571;Ansbach;Kreise;100,0;102,0;104,4;107,3;109,5;109,9;113,5;116,7;121,5;100,0;97,7;88,6;75,9;73,0;90,2;83,1;79,8;82,4;100,0;103,9;111,5;110,8;119,6;129,1;133,1;134,4
09572;Erlangen-Höchstadt;Kreise;100,0;102,3;106,5;110,3;112,7;112,3;114,9;119,2;122,6;100,0;99,6;87,5;82,8;79,3;107,3;106,5;103,9;113,8;100,0;103,7;111,4;110,8;119,7;129,1;135,3;134,2
09573;Fürth;Kreise;100,0;102,4;105,4;108,1;110,1;110,8;113,2;118,0;121,5;100,0;98,7;89,5;82,7;81,4;104,6;103,3;86,3;89,5;100,0;103,7;112,6;112,6;122,3;132,5;138,0;135,0
09574;Nürnberger Land;Kreise;100,0;101,6;104,0;107,0;109,5;109,0;112,6;117,0;121,9;100,0;95,4;89,7;85,1;81,6;103,9;95,4;84,0;90,1;100,0;104,0;112,2;111,9;121,3;131,0;137,8;134,5
09575;Neustadt a.d.Aisch-Bad Windsheim;Kreise;100,0;102,2;105,0;107,9;111,7;111,9;115,3;119,3;123,3;100,0;99,6;93,1;80,2;78,0;110,8;100,0;90,9;103,9;100,0;104,2;111,6;110,8;119,6;129,2;135,7;134,6
09576;Roth;Kreise;100,0;101,9;104,4;107,7;109,7;109,8;113,1;117,0;121,3;100,0;98,2;84,9;79,2;73,1;94,3;87,1;78,9;79,9;100,0;104,2;112,2;111,8;121,2;131,0;134,9;132,6
09662;Schweinfurt, Stadt;Kreise;100,0;100,4;103,2;108,0;110,0;106,5;107,9;111,3;120,1;100,0;102,1;100,2;89,7;97,0;111,0;98,3;98,9;102,9;100,0;103,9;115,8;116,9;128,1;138,5;146,9;139,9
09674;Haßberge;Kreise;100,0;101,6;104,9;107,6;110,0;110,9;112,9;116,0;120,2;100,0;96,4;83,0;72,9;80,2;99,7;88,4;82,4;85,4;100,0;105,0;112,6;112,3;121,5;130,7;136,5;137,5
09675;Kitzingen;Kreise;100,0;101,5;104,1;108,0;111,2;111,9;114,6;118,1;123,4;100,0;93,3;85,2;73,2;71,5;90,6;82,9;78,2;86,6;100,0;103,4;110,4;109,9;119,0;127,5;134,5;135,6
09678;Schweinfurt;Kreise;100,0;100,8;102,4;104,2;107,7;109,6;112,7;117,4;121,5;100,0;98,7;81,5;72,8;75,1;88,5;81,2;84,0;81,8;100,0;105,1;112,7;112,3;121,3;130,0;136,0;138,4
